runname,h-score,f-score,s-score,h-measure
KLE-S-J-1A,0.181202501212,0.435981818182,0.464606060606,0.0878837628736
KLE-S-J-2A,0.192407407394,0.481039393939,0.483957575758,0.0935626986463
KLE-S-J-3A,0.209158249182,0.44676969697,0.524,0.106979144796
KLE-S-J-4A,0.208686868697,0.410360606061,0.51486969697,0.103809505056
KUIDL-S-J-1A,0.278371597303,0.285854545455,0.293384848485,0.0870676499076
